{"stat.walkOneCm":44228,"stat.mineBlock.44":1,"stat.mineBlock.58":1,"stat.mineBlock.18":14,"stat.mineBlock.17":3,"stat.jump":136,"stat.swimOneCm":5387,"stat.useItem.126":11,"stat.fallOneCm":15503,"achievement.buildWorkBench":1,"achievement.mineWood":5,"stat.craftItem.126":6,"achievement.exploreAllBiomes":{"value":0,"progress":["Extreme Hills+"]},"stat.mineBlock.54":1,"stat.useItem.79":1,"stat.useItem.44":8,"achievement.openInventory":7,"stat.craftItem.5":12,"stat.craftItem.280":4,"stat.craftItem.44":6,"stat.damageTaken":46370,"stat.mineBlock.4":5,"stat.mineBlock.3":37,"stat.mineBlock.79":2,"stat.useItem.54":1,"stat.flyOneCm":1102,"stat.craftItem.58":1,"stat.deaths":28,"stat.drop":74,"achievement.buildPickaxe":1,"stat.playOneMinute":39040,"stat.craftItem.270":1,"stat.useItem.3":15,"stat.damageDealt":10,"stat.mineBlock.126":6,"stat.useItem.270":6,"stat.useItem.58":2,"stat.diveOneCm":39769}