{"stat.walkOneCm":65454,"stat.leaveGame":5,"stat.mineBlock.44":3,"stat.mineBlock.58":1,"stat.mineBlock.18":7,"stat.mineBlock.17":3,"stat.swimOneCm":4045,"stat.jump":79,"stat.fallOneCm":3437,"achievement.mineWood":3,"achievement.exploreAllBiomes":{"value":0,"progress":["Extreme Hills+"]},"stat.useItem.79":1,"stat.mineBlock.54":1,"stat.useItem.44":17,"achievement.openInventory":12,"stat.craftItem.44":12,"stat.damageTaken":25420,"stat.mineBlock.4":16,"stat.mineBlock.3":61,"stat.useItem.54":1,"stat.flyOneCm":566,"stat.useItem.6":1,"stat.deaths":14,"stat.drop":25,"stat.playOneMinute":36544,"stat.useItem.3":44,"stat.damageDealt":40,"stat.useItem.270":19,"stat.diveOneCm":16217,"stat.useItem.58":1}